{
  "accuracy": 0.7547169811320755,
  "precision": 0.6013400335008375,
  "recall": 0.7821350762527233,
  "f1": 0.6799242424242424,
  "roc_auc": 0.8418499790195368,
  "classification_report": {
    "0": {
      "precision": 0.8719590268886044,
      "recall": 0.7410228509249184,
      "f1-score": 0.8011764705882353,
      "support": 919.0
    },
    "1": {
      "precision": 0.6013400335008375,
      "recall": 0.7821350762527233,
      "f1-score": 0.6799242424242424,
      "support": 459.0
    },
    "accuracy": 0.7547169811320755,
    "macro avg": {
      "precision": 0.7366495301947209,
      "recall": 0.7615789635888208,
      "f1-score": 0.7405503565062388,
      "support": 1378.0
    },
    "weighted avg": {
      "precision": 0.7818181575381072,
      "recall": 0.7547169811320755,
      "f1-score": 0.7607883916860054,
      "support": 1378.0
    }
  }
}