{
  "accuracy": 0.7772133526850508,
  "precision": 0.6391941391941391,
  "recall": 0.7603485838779956,
  "f1": 0.6945273631840796,
  "roc_auc": 0.8458279696838232,
  "classification_report": {
    "0": {
      "precision": 0.8677884615384616,
      "recall": 0.7856365614798694,
      "f1-score": 0.8246716162193033,
      "support": 919.0
    },
    "1": {
      "precision": 0.6391941391941391,
      "recall": 0.7603485838779956,
      "f1-score": 0.6945273631840796,
      "support": 459.0
    },
    "accuracy": 0.7772133526850508,
    "macro avg": {
      "precision": 0.7534913003663004,
      "recall": 0.7729925726789325,
      "f1-score": 0.7595994897016914,
      "support": 1378.0
    },
    "weighted avg": {
      "precision": 0.7916456502496053,
      "recall": 0.7772133526850508,
      "f1-score": 0.7813216799760756,
      "support": 1378.0
    }
  }
}